ID;Name;Alignment;Gender;EyeColor;Species;HairColor;Publisher;Height;Weight;ExternalResource;LivingStatus;FormerlyDeceased
0;A-Bomb;good;Male;yellow;Human;No Hair;Marvel Comics;203;441;Rick_Jones_(character);Alive;No
1;Abe Sapien;good;Male;blue;Icthyo Sapien;No Hair;Dark Horse Comics;191;65;;;
2;Abin Sur;good;Male;blue;Ungaran;No Hair;DC Comics;185;90;;;
3;Abomination;bad;Male;green;Human;No Hair;Marvel Comics;203;441;Abomination_(character);Alive;Yes
5;Absorbing Man;bad;Male;blue;Human;No Hair;Marvel Comics;193;122;Absorbing_Man;Alive;No
6;Adam Monroe;good;Male;blue;-;Blond;NBC - Heroes;-99;-99;;;
7;Adam Strange;good;Male;blue;Human;Blond;DC Comics;185;88;;;
8;Agent 13;good;Female;blue;Human;Blond;Marvel Comics;173;61;Sharon_Carter;Alive;No
9;Agent Bob;good;Male;brown;Human;Brown;Marvel Comics;178;81;Bob,_Agent_of_Hydra;Alive;No
10;Agent Zero;good;Male;brown;Human;black;Marvel Comics;191;104;David_North_(character);Alive;No
11;Air-Walker;bad;Male;blue;Xandarian;White;Marvel Comics;188;108;Air-Walker;Deceased;No
12;Ajax;bad;Male;brown;Cyborg;Black;Marvel Comics;193;90;Francis_Fanny;Deceased;No
13;Alan Scott;good;Male;blue;-;Blond;DC Comics;180;90;;;
14;Alex Mercer;bad;Male;-;Human;-;Wildstorm;-99;-99;;;
15;Alex Woolsly;good;Male;-;-;-;NBC - Heroes;-99;-99;;;
16;Alfred Pennyworth;good;Male;blue;Human;Black;DC Comics;178;72;;;
17;Alien;bad;Male;-;Xenomorph XX121;No Hair;Dark Horse Comics;244;169;;;
18;Allan Quatermain;good;Male;-;-;-;Wildstorm;-99;-99;;;
19;Amazo;bad;Male;red;Android;-;DC Comics;257;173;;;
21;Ando Masahashi;good;Male;-;-;-;NBC - Heroes;-99;-99;;;
22;Angel;good;Male;blue;Mutant;Blond;Marvel Comics;183;68;Warren_Worthington_III;Alive;Yes
23;Angel;good;Male;-;Vampire;-;Dark Horse Comics;-99;-99;;;
25;Angel Salvadore;good;Female;brown;Mutant;Black;Marvel Comics;163;54;Angel_Salvadore;Alive;No
26;Angela;bad;Female;-;-;-;Image Comics;-99;-99;;;
27;Animal Man;good;Male;blue;Human;Blond;DC Comics;183;83;;;
28;Annihilus;bad;Male;green;Arthrosian;No Hair;Marvel Comics;180;90;Annihilus;Alive;No
29;Ant-Man;good;Male;blue;Human;Blond;Marvel Comics;211;122;Ant-Man;Alive;Yes
31;Anti-Monitor;bad;Male;yellow;God;No Hair;DC Comics;61;-99;;;
32;Anti-Spawn;bad;Male;-;-;-;Image Comics;-99;-99;;;
33;Anti-Venom;bad;Male;blue;Symbiote;Blond;Marvel Comics;229;358;Anti-Venom;Deceased;No
34;Apocalypse;bad;Male;red;Mutant;Black;Marvel Comics;213;135;Apocalypse_(character);Alive;No
35;Aquababy;good;Male;blue;-;Blond;DC Comics;-99;-99;;;
36;Aqualad;good;Male;blue;Atlantean;Black;DC Comics;178;106;;;
37;Aquaman;good;Male;blue;Atlantean;Blond;DC Comics;185;146;;;
38;Arachne;good;Female;blue;Human;Blond;Marvel Comics;175;63;Julia_Carpenter;Alive;No
39;Archangel;good;Male;blue;Mutant;Blond;Marvel Comics;183;68;Warren_Worthington_III;Alive;Yes
40;Arclight;bad;Female;violet;Mutant;Purple;Marvel Comics;173;57;Arclight_(comics);Alive;No
41;Ardina;good;Female;white;Alien;Orange;Marvel Comics;193;98;Ardina;Yes;No
42;Ares;good;Male;brown;Deity;Brown;Marvel Comics;185;270;Ares_(Marvel_Comics);Deceased;No
44;Armor;good;Female;black;Mutant;Black;Marvel Comics;163;50;Armor_(Marvel_Comics_character);Alive;No
45;Arsenal;good;Male;-;Human;-;DC Comics;-99;-99;;;
46;Astro Boy;good;Male;brown;-;Black;;-99;-99;;;
47;Atlas;good;Male;brown;Mutant;Red;Marvel Comics;183;101;Atlas_(Marvel_Comics);Alive;No
48;Atlas;bad;Male;blue;God;Brown;DC Comics;198;126;;;
49;Atom;good;Male;blue;-;Red;DC Comics;178;68;;;
50;Atom;good;Male;-;-;-;DC Comics;-99;-99;;;
51;Atom Girl;good;Female;black;-;Black;DC Comics;168;54;;;
52;Atom II;good;Male;brown;Human;Auburn;DC Comics;183;81;;;
53;Atom III;good;Male;-;-;Red;DC Comics;-99;-99;;;
54;Atom IV;good;Male;brown;-;Black;DC Comics;-99;72;;;
55;Aurora;good;Female;blue;Mutant;Black;Marvel Comics;180;63;Aurora_(comics);Alive;Yes
56;Azazel;bad;Male;yellow;Neyaphem;Black;Marvel Comics;183;67;Azazel_(comics);Alive;No
57;Azrael;good;Male;brown;Human;Black;DC Comics;-99;-99;;;
58;Aztar;good;Male;-;-;-;DC Comics;-99;-99;;;
59;Bane;bad;Male;-;Human;-;DC Comics;203;180;;;
60;Banshee;good;Male;green;Human;Strawberry Blond;Marvel Comics;183;77;Banshee_(character);Alive;Yes
62;Batgirl;good;Female;-;-;-;DC Comics;-99;-99;;;
63;Batgirl;good;Female;green;Human;Red;DC Comics;170;57;;;
64;Batgirl III;good;Female;-;-;-;DC Comics;-99;-99;;;
65;Batgirl IV;good;Female;green;Human;Black;DC Comics;165;52;;;
66;Batgirl V;good;Female;-;-;-;DC Comics;-99;-99;;;
67;Batgirl VI;good;Female;blue;-;Blond;DC Comics;168;61;;;
68;Batman;good;Male;blue;Human;black;DC Comics;188;95;;;
69;Batman;good;Male;blue;Human;Black;DC Comics;178;77;;;
70;Batman II;good;Male;blue;Human;Black;DC Comics;178;79;;;
71;Battlestar;good;Male;brown;Mutant;Black;Marvel Comics;198;133;Battlestar_(character);Alive;No
72;Batwoman V;good;Female;green;Human;Red;DC Comics;178;-99;;;
74;Beast;good;Male;blue;Mutant;Blue;Marvel Comics;180;181;Beast_(Marvel_Comics);Alive;No
75;Beast Boy;good;Male;green;Human;Green;DC Comics;173;68;;;
76;Beetle;bad;Male;yellow;Human;No Hair;Marvel Comics;180;79;Beetle_(comics);Alive;No
77;Ben 10;good;Male;-;-;-;DC Comics;-99;-99;;;
78;Beta Ray Bill;good;Male;brown;Korbinite;No Hair;Marvel Comics;201;216;Beta_Ray_Bill;Alive;No
79;Beyonder;good;Male;blue;Deity;Black;Marvel Comics;188;108;Beyonder;Alive;No
80;Big Barda;bad;Female;blue;New God;Black;DC Comics;188;135;;;
81;Big Daddy;good;Male;-;-;-;Icon Comics;-99;-99;;;
82;Big Man;bad;Male;blue;Human;Brown;Marvel Comics;165;71;Big_Man_(comics);Alive;No
83;Bill Harken;good;Male;-;Alpha;-;SyFy;-99;-99;;;
84;Billy Kincaid;bad;Male;-;-;-;Image Comics;-99;-99;;;
85;Binary;good;Female;blue;Human;Blond;Marvel Comics;180;54;Carol_Danvers;Alive;Yes
86;Bionic Woman;good;Female;blue;Cyborg;Black;;-99;-99;;;
87;Bird-Brain;good;Male;red;Mutant;No Hair;Marvel Comics;183;57;Bird-Brain_(Marvel_Comics);Alive;No
90;Birdman;good;Male;-;God;-;Hanna-Barbera;-99;-99;;;
91;Bishop;good;Male;brown;Mutant;No Hair;Marvel Comics;198;124;Bishop_(Marvel_Comics);Alive;No
92;Bizarro;neutral;Male;black;Bizarro;Black;DC Comics;191;155;;;
94;Black Adam;bad;Male;brown;-;Black;DC Comics;191;113;;;
95;Black Bolt;good;Male;blue;Inhuman;Black;Marvel Comics;188;95;Black_Bolt;Alive;No
96;Black Canary;good;Female;blue;Human;Blond;DC Comics;165;58;;;
97;Black Canary;good;Female;blue;Metahuman;Blond;DC Comics;170;59;;;
98;Black Cat;good;Female;green;Human;Blond;Marvel Comics;178;54;Black_Cat_(Marvel_Comics);Alive;No
99;Black Flash;neutral;Male;-;God;-;DC Comics;-99;-99;;;
100;Black Goliath;good;Male;brown;Mutant;Black;Marvel Comics;183;90;Bill_Foster_(character);Deceased;No
101;Black Knight III;good;Male;brown;Human;Brown;Marvel Comics;183;86;Black_Knight_(Marvel_Comics);Alive;No
102;Black Lightning;good;Male;brown;-;No Hair;DC Comics;185;90;;;
103;Black Mamba;bad;Female;green;Mutant;Black;Marvel Comics;170;52;Black_Mamba_(character);Alive;No
104;Black Manta;bad;Male;black;Human;No Hair;DC Comics;188;92;;;
105;Black Panther;good;Male;brown;Human;Black;Marvel Comics;183;90;Black_Panther_(character);Alive;No
106;Black Widow;good;Female;green;Human;Auburn;Marvel Comics;170;59;Black_Widow_(Marvel_Comics);Alive;Yes
108;Blackout;bad;Male;red;Demon;White;Marvel Comics;191;104;Blackout_(Marcus_Daniels);Alive;Yes
109;Blackwing;bad;Male;blue;Human;Black;Marvel Comics;185;86;Blackwing_(character);Alive;No
111;Blade;good;Male;brown;Vampire;Black;Marvel Comics;188;97;Blade_(character);Alive;No
114;Blink;good;Female;green;Mutant;Magenta;Marvel Comics;165;56;Blink_(character);Alive;No
117;Blizzard;bad;Male;brown;Human;Brown;Marvel Comics;175;77;Blizzard_(Marvel_Comics);Alive;No
118;Blob;bad;Male;brown;Mutant;Brown;Marvel Comics;178;230;Blob_(Marvel_Comics);Alive;No
119;Bloodaxe;bad;Female;blue;Human;Brown;Marvel Comics;218;495;Bloodaxe_(character);Alive;No
122;Blue Beetle;good;Male;blue;-;Brown;DC Comics;-99;-99;;;
123;Blue Beetle;good;Male;-;-;-;DC Comics;-99;-99;;;
124;Blue Beetle II;good;Male;blue;-;Brown;DC Comics;183;86;;;
125;Blue Beetle III;good;Male;brown;Human;Black;DC Comics;-99;-99;;;
126;Boba Fett;bad;Male;brown;Human;Black;George Lucas;183;-99;;;
127;Bolt;good;Male;blue;Inhuman;Black;Marvel Comics;188;95;Black_Bolt;Alive;No
128;Bomb Queen;bad;Female;-;-;-;Image Comics;-99;-99;;;
131;Booster Gold;good;Male;blue;Human;Blond;DC Comics;196;97;;;
133;Box;good;Male;blue;Human;Blond;Marvel Comics;193;110;Box_(comics);Alive;No
135;Brainiac;bad;Male;green;Android;No Hair;DC Comics;198;135;;;
136;Brainiac 5;good;Male;green;-;Blond;DC Comics;170;61;;;
137;Brother Voodoo;good;Male;brown;Human;Brown;Marvel Comics;183;99;Brother_Voodoo;Alive;No
138;Brundlefly;-;Male;-;Mutant;-;;193;-99;;;
139;Buffy;good;Female;green;Human;Blond;Dark Horse Comics;157;52;;;
140;Bullseye;bad;Male;blue;Human;blond;Marvel Comics;183;90;Bullseye_(character);Alive;No
141;Bumblebee;good;Female;brown;Human;Black;DC Comics;170;59;;;
143;Bushido;good;Male;-;Human;-;DC Comics;-99;-99;;;
144;Cable;good;Male;blue;Mutant;White;Marvel Comics;203;158;Cable_(character);Alive;Yes
145;Callisto;bad;Female;blue;Mutant;Black;Marvel Comics;175;74;Callisto_(comics);Alive;Yes
146;Cameron Hicks;good;Male;-;Alpha;-;SyFy;-99;-99;;;
147;Cannonball;good;Male;blue;Mutant;Blond;Marvel Comics;183;81;Cannonball_(Marvel_Comics);Alive;No
148;Captain America;good;Male;blue;Human;blond;Marvel Comics;188;108;Captain_America;Alive;Yes
149;Captain Atom;good;Male;blue;Human;Silver;DC Comics;193;90;;;
150;Captain Britain;good;Male;blue;Human;Blond;Marvel Comics;198;116;Captain_Britain;Alive;Yes
151;Captain Cold;neutral;Male;brown;Human;Brown;DC Comics;-99;-99;;;
152;Captain Epic;good;Male;blue;-;Brown;Team Epic TV;188;-99;;;
153;Captain Hindsight;good;Male;-;Human;Black;South Park;-99;-99;;;
154;Captain Mar-vell;good;Male;blue;Human;Blond;Marvel Comics;188;108;Captain_Marvel_(Mar-Vell);Deceased;No
155;Captain Marvel;good;Female;blue;Human;Blond;Marvel Comics;180;74;Captain_Marvel_(Mar-Vell);Alive;Yes
156;Captain Marvel;good;Male;blue;Human;Black;DC Comics;193;101;;;
157;Captain Marvel II;good;Male;blue;Human;Black;DC Comics;175;74;;;
158;Captain Midnight;good;Male;-;Human;-;Dark Horse Comics;-99;-99;;;
161;Carnage;bad;Male;green;Symbiote;Red;Marvel Comics;185;86;Carnage_(character);Alive;Yes
164;Catwoman;good;Female;green;Human;Black;DC Comics;175;61;;;
165;Cecilia Reyes;good;Female;brown;Mutant;Brown;Marvel Comics;170;62;Cecilia_Reyes;Deceased;No
168;Chamber;good;Male;brown;Mutant;Brown;Marvel Comics;175;63;Chamber_(character);Alive;Yes
169;Chameleon;bad;Male;-;-;-;DC Comics;-99;-99;Chameleon_(character);;
170;Changeling;bad;Male;brown;Mutant;Black;Marvel Comics;180;81;Changeling_(comics);Alive;No
171;Cheetah;bad;Female;green;Human;Blond;DC Comics;163;50;;;
172;Cheetah II;bad;Female;green;Human;Brown;DC Comics;170;55;;;
173;Cheetah III;bad;Female;brown;Human;Brown;DC Comics;175;54;;;
174;Chromos;bad;Male;brown;-;Red / Grey;Team Epic TV;185;86;;;
175;Chuck Norris;good;Male;-;-;-;;178;-99;;;
176;Citizen Steel;good;Male;green;Human;Red;DC Comics;183;170;;;
177;Claire Bennet;good;Female;blue;-;Blond;NBC - Heroes;-99;-99;;;
178;Clea;good;Female;blue;Faltine hybrid;White;Marvel Comics;173;86;Clea;Alive;No
179;Cloak;good;Male;brown;Human;black;Marvel Comics;226;70;Cloak_and_Dagger_(characters);Alive;No
180;Clock King;bad;Male;blue;Human;Black;DC Comics;178;78;;;
181;Cogliostro;bad;Male;-;-;-;Image Comics;-99;-99;;;
182;Colin Wagner;good;Male;grey;-;Brown;HarperCollins;-99;-99;;;
183;Colossal Boy;good;Male;-;-;-;DC Comics;-99;-99;;;
184;Colossus;good;Male;silver;Mutant;Black;Marvel Comics;226;225;Colossus_(character);Alive;No
185;Copycat;neutral;Female;red;Mutant;White;Marvel Comics;183;67;Copycat_(comics);Alive;Yes
186;Corsair;good;Male;brown;Human;Brown;Marvel Comics;191;79;Corsair_(character);Alive;Yes
187;Cottonmouth;bad;Male;brown;Human;Black;Marvel Comics;183;99;Cottonmouth_(Cornell_Stokes);Alive;No
189;Crimson Dynamo;good;Male;brown;Human;No Hair;Marvel Comics;180;104;Crimson_Dynamo;Alive;No
190;Crystal;good;Female;green;Inhuman;Red;Marvel Comics;168;50;Crystal_(character);Alive;No
191;Curse;bad;Male;-;-;-;Image Comics;-99;-99;;;
192;Cy-Gor;bad;Male;-;-;-;Image Comics;-99;-99;;;
193;Cyborg;good;Male;brown;Cyborg;Black;DC Comics;198;173;;;
194;Cyborg Superman;bad;Male;blue;Cyborg;Black;DC Comics;-99;-99;;;
195;Cyclops;good;Male;brown;Mutant;Brown;Marvel Comics;191;88;Cyclops_(Marvel_Comics);Alive;Yes
196;Cypher;good;Male;blue;Mutant;Blond;Marvel Comics;175;68;Cypher_(Marvel_Comics);Alive;No
197;Dagger;good;Female;blue;Human;Blond;Marvel Comics;165;52;Cloak_and_Dagger_(characters);Alive;No
198;Danny Cooper;good;Male;brown;-;Blond;HarperCollins;-99;-99;;;
199;Daphne Powell;good;Female;-;-;-;ABC Studios;-99;-99;;;
200;Daredevil;good;Male;blue;Human;Red;Marvel Comics;183;90;Daredevil_(Marvel_Comics_character);Alive;No
201;Darkhawk;good;Male;brown;Human;Brown;Marvel Comics;185;81;Darkhawk;Alive;No
202;Darkman;good;Male;-;-;-;Universal Studios;-99;-99;;;
203;Darkseid;bad;Male;red;New God;No Hair;DC Comics;267;817;;;
204;Darkside;bad;-;-;-;-;;-99;-99;;;
205;Darkstar;good;Female;brown;Mutant;Blond;Marvel Comics;168;56;Darkstar_(Marvel_Comics);Alive;No
206;Darth Maul;bad;Male;yellow / red;Dathomirian Zabrak;-;George Lucas;170;-99;;;
207;Darth Vader;bad;Male;yellow;Cyborg;No Hair;George Lucas;198;135;;;
208;Dash;good;Male;blue;Human;Blond;Dark Horse Comics;122;27;;;
209;Data;good;Male;yellow;Android;Brown;Star Trek;-99;-99;;;
210;Dazzler;good;Female;blue;Mutant;Blond;Marvel Comics;173;52;Dazzler_(Marvel_Comics);Alive ;No
211;Deadman;good;Male;blue;Human;Black;DC Comics;183;90;;;
212;Deadpool;neutral;Male;brown;Mutant;No Hair;Marvel Comics;188;95;Deadpool;Alive;No
213;Deadshot;bad;Male;brown;Human;Brown;DC Comics;185;91;;;
214;Deathlok;good;Male;brown;Cyborg;Grey;Marvel Comics;193;178;Deathlok;Alive ;No
215;Deathstroke;neutral;Male;blue;Human;White;DC Comics;193;101;;;
216;Demogoblin;bad;Male;red;Demon;No Hair;Marvel Comics;185;95;Demogoblin;Alive ;No
217;Destroyer;bad;Male;no eyes;Mutant;No Hair;Marvel Comics;188;383;Destroyer_(Thor);Deceased;No
218;Diamondback;bad;Male;brown;Human;Black;Marvel Comics;193;90;Diamondback_(Rachel_Leighton);Alive;No
219;DL Hawkins;good;Male;-;-;-;NBC - Heroes;-99;-99;;;
220;Doc Samson;good;Male;blue;Human;Green;Marvel Comics;198;171;Doc_Samson;Alive ;Yes
221;Doctor Doom;bad;Male;brown;Human;Brown;Marvel Comics;201;187;Doctor_Doom;Alive;Yes
223;Doctor Fate;good;Male;blue;Human;Blond;DC Comics;188;89;;;
224;Doctor Octopus;bad;Male;brown;Human;Brown;Marvel Comics;175;110;Doctor_Octopus;Alive ;Yes
225;Doctor Strange;good;Male;grey;Human;Black;Marvel Comics;188;81;Stephen_Strange_(Marvel_Cinematic_Universe);Alive;Yes
226;Domino;good;Female;blue;Human;Black;Marvel Comics;173;54;Domino_(character);Alive ;No
227;Donatello;good;Male;green;Mutant;No Hair;IDW Publishing;-99;-99;;;
228;Donna Troy;good;Female;blue;Amazon;Black;DC Comics;175;63;;;
229;Doomsday;bad;Male;red;Alien;White;DC Comics;244;412;;;
230;Doppelganger;bad;Male;white;Mutant;No Hair;Marvel Comics;196;104;Doppelganger_(Marvel_Comics);Alive;No
232;Dr Manhattan;good;Male;white;Human;No Hair;DC Comics;-99;-99;;;
233;Drax the Destroyer;good;Male;red;Human;No Hair;Marvel Comics;193;306;Drax_(Marvel_Cinematic_Universe);Alive ;No
235;Elastigirl;good;Female;brown;Human;Brown;Dark Horse Comics;168;56;;;
236;Electro;bad;Male;blue;Human;Auburn;Marvel Comics;180;74;Electro_(Marvel_Comics);Alive ;Yes
237;Elektra;good;Female;blue;Human;Black;Marvel Comics;175;59;Elektra_(character);Alive ;Yes
238;Elle Bishop;bad;Female;blue;-;Blond;NBC - Heroes;-99;-99;;;
239;Elongated Man;good;Male;blue;-;Red;DC Comics;185;80;;;
240;Emma Frost;good;Female;blue;Mutant;Blond;Marvel Comics;178;65;Emma_Frost;Alive;Yes
241;Enchantress;good;Female;blue;Human;Blond;DC Comics;168;57;;;
242;Energy;good;Female;-;-;-;HarperCollins;-99;-99;;;
243;ERG-1;good;Male;-;-;-;DC Comics;-99;-99;;;
244;Ethan Hunt;good;Male;brown;Human;Brown;;168;-99;;;
245;Etrigan;neutral;Male;red;Demon;No Hair;DC Comics;193;203;;;
248;Exodus;bad;Male;blue;Mutant;Black;Marvel Comics;183;88;Exodus_(comics);Alive ;Yes
249;Fabian Cortez;bad;Male;blue;Mutant;Brown;Marvel Comics;196;96;Fabian_Cortez;Alive;Yes
250;Falcon;good;Male;brown;Human;Black;Marvel Comics;188;108;Falcon_(comics);Alive ;No
252;Faora;bad;Female;-;Kryptonian;-;DC Comics;-99;-99;;;
253;Feral;good;Female;yellow;Mutant;Orange;Marvel Comics;175;50;Feral_(character);Alive;Yes
254;Fighting Spirit;good;Female;-;-;Red;DC Comics;-99;-99;;;
255;Fin Fang Foom;good;Male;red;Kakarantharaian;No Hair;Marvel Comics;975;18;Fin_Fang_Foom;Deceased;No
256;Firebird;good;Female;brown;Mutant;Black;Marvel Comics;165;56;Firebird_(Marvel_Comics);Alive;No
257;Firelord;good;Male;white;Xandarian;Yellow;Marvel Comics;193;99;Firelord_(character);Alive;No
258;Firestar;good;Female;green;Mutant;Red;Marvel Comics;173;56;Firestar_(Marvel_Comics_character);Alive ;No
259;Firestorm;good;Male;brown;-;Black;DC Comics;-99;-99;;;
260;Firestorm;good;Male;blue;Human;Auburn;DC Comics;188;91;;;
261;Fixer;bad;Male;red;Human;No Hair;Marvel Comics;173;70;Fixer_(Marvel_Comics);Alive;No
262;Flash;good;Male;blue;Human;Brown / White;DC Comics;180;81;;;
263;Flash Gordon;good;Male;-;-;-;;-99;-99;;;
264;Flash II;good;Male;blue;Human;Blond;DC Comics;183;88;;;
265;Flash III;good;Male;-;Human;-;DC Comics;183;86;;;
266;Flash IV;good;Male;yellow;Human;Auburn;DC Comics;157;52;;;
267;Forge;good;Male;brown;Mutant;Black;Marvel Comics;183;81;Forge_(character);Alive;No
268;Franklin Richards;good;Male;blue;Mutant;Blond;Marvel Comics;142;45;Franklin_Richards_(character);Alive ;No
269;Franklin Storm;good;Male;blue;Human;Grey;Marvel Comics;188;92;Franklin_Storm;Alive;No
270;Frenzy;bad;Female;brown;Mutant;Black;Marvel Comics;211;104;Joanna_Cargill;Alive;No
271;Frigga;good;Female;blue;Asgardian;White;Marvel Comics;180;167;Frigga_(character);Deceased;No
272;Galactus;neutral;Male;black;Alien;Black;Marvel Comics;876;16;Galactus;Alive;Yes
273;Gambit;good;Male;red;Mutant;Brown;Marvel Comics;185;81;Gambit_(Marvel_Comics);Alive ;No
274;Gamora;good;Female;yellow;Zen-Whoberian;Black;Marvel Comics;183;77;Gamora_(Marvel_Cinematic_Universe);Alive ;No
275;Garbage Man;good;Male;-;Mutant;-;DC Comics;-99;-99;;;
276;Gary Bell;good;Male;-;Alpha;-;SyFy;-99;-99;;;
277;General Zod;bad;Male;black;Kryptonian;Black;DC Comics;-99;-99;;;
278;Genesis;good;Male;blue;Mutant;Blond;Marvel Comics;185;86;Genesis_(Marvel_Comics);Alive ;No
279;Ghost Rider;good;Male;red;Demon;No Hair;Marvel Comics;188;99;Cosmic_Ghost_Rider;Alive ;No
281;Giant-Man;good;Male;blue;Human;Blond;Marvel Comics;183;83;Giant-Man;Deceased;No
283;Giganta;bad;Female;green;-;Red;DC Comics;62.5;630;;;
284;Gladiator;neutral;Male;blue;Strontian;Blue;Marvel Comics;198;268;Gladiator_(Melvin_Potter);Alive;No
286;Godzilla;bad;-;-;Kaiju;-;;108;;;;
287;Gog;bad;Male;-;-;-;DC Comics;-99;-99;;;
288;Goku;good;Male;-;Saiyan;-;Shueisha;175;62;;;
292;Goliath;good;Male;brown;Human;Black;Marvel Comics;183;90;Bill_Foster_(character);Alive;No
293;Gorilla Grodd;bad;Male;yellow;Gorilla;Black;DC Comics;198;270;;;
294;Granny Goodness;bad;Female;blue;-;White;DC Comics;178;115;;;
295;Gravity;good;Male;blue;Human;Brown;Marvel Comics;178;79;Gravity_(character);Alive ;No
296;Greedo;bad;Male;purple;Rodian;-;George Lucas;170;-99;;;
297;Green Arrow;good;Male;green;Human;Blond;DC Comics;188;88;;;
298;Green Goblin;bad;Male;blue;Human;Auburn;Marvel Comics;180;83;Green_Goblin;Alive ;No
302;Groot;good;Male;yellow;Flora Colossus;No Hair;Marvel Comics;701;4;Groot;Alive;No
303;Guardian;good;Male;brown;Human;Black;Marvel Comics;188;102;Guardian_(Marvel_Comics);Alive ;Yes
304;Guy Gardner;good;Male;blue;Human;Red;DC Comics;188;95;;;
305;Hal Jordan;good;Male;brown;Human;Brown;DC Comics;188;90;;;
306;Han Solo;good;Male;brown;Human;Brown;George Lucas;183;79;;;
307;Hancock;good;Male;brown;Human;Black;Sony Pictures;188;-99;;;
308;Harley Quinn;bad;Female;blue;Human;Blond;DC Comics;170;63;;;
309;Harry Potter;good;Male;green;Human;Black;J. K. Rowling;-99;-99;;;
310;Havok;good;Male;blue;Mutant;Blond;Marvel Comics;183;79;Havok_(comics);Alive;No
311;Hawk;good;Male;red;-;Brown;DC Comics;185;89;;;
312;Hawkeye;good;Male;blue;Human;Blond;Marvel Comics;191;104;Hawkeye_(Clint_Barton);Alive ;Yes
313;Hawkeye II;good;Female;blue;Human;Black;Marvel Comics;165;57;Hawkeye_(Kate_Bishop);Alive ;No
314;Hawkgirl;good;Female;green;-;Red;DC Comics;175;61;;;
315;Hawkman;good;Male;blue;-;Brown;DC Comics;185;88;;;
316;Hawkwoman;good;Female;green;-;Red;DC Comics;175;54;;;
317;Hawkwoman II;good;Female;-;-;-;DC Comics;-99;-99;;;
318;Hawkwoman III;good;Female;blue;-;Red;DC Comics;170;65;;;
319;Heat Wave;bad;Male;blue;Human;No Hair;DC Comics;180;81;;;
320;Hela;bad;Female;green;Asgardian;Black;Marvel Comics;213;225;Hela_(character);Alive ;No
321;Hellboy;good;Male;gold;Demon;Black;Dark Horse Comics;259;158;;;
323;Hellstorm;good;Male;red;Human;Red;Marvel Comics;185;81;Daimon_Hellstrom;Alive;No
324;Hercules;good;Male;blue;Deity;Brown;Marvel Comics;196;146;Hercules_(Marvel_Comics);Alive ;No
325;Hiro Nakamura;good;Male;-;-;-;NBC - Heroes;-99;-99;;;
326;Hit-Girl;good;Female;-;Human;-;Icon Comics;-99;-99;;;
327;Hobgoblin;bad;Male;blue;Mutant;Grey;Marvel Comics;180;83;Hobgoblin_(comics);Deceased;No
329;Hope Summers;good;Female;green;Mutant;Red;Marvel Comics;168;48;Hope_Summers_(character);Alive;No
330;Howard the Duck;good;Male;brown;Duckworldian;Yellow;Marvel Comics;79;18;Howard_the_Duck;Alive;No
331;Hulk;good;Male;green;Human;Green;Marvel Comics;244;630;Hulk;Alive;Yes
332;Human Torch;good;Male;blue;Human;Blond;Marvel Comics;178;77;Human_Torch;Alive ;Yes
333;Huntress;good;Female;blue;-;Black;DC Comics;180;59;;;
334;Husk;good;Female;blue;Mutant;Blond;Marvel Comics;170;58;Husk_(comics);Alive ;Yes
335;Hybrid;good;Male;brown;Symbiote;Black;Marvel Comics;175;77;Hybrid_(Scott_Washington);Deceased;No
336;Hydro-Man;bad;Male;brown;Mutant;Brown;Marvel Comics;188;119;Hydro-Man;Deceased;No
337;Hyperion;good;Male;blue;Eternal;Red;Marvel Comics;183;207;Hyperion_(comics);Deceased;No
338;Iceman;good;Male;brown;Mutant;Brown;Marvel Comics;173;65;Iceman_(Marvel_Comics);Alive ;No
339;Impulse;good;Male;yellow;Human;Auburn;DC Comics;170;65;;;
340;Indiana Jones;good;Male;-;Human;-;George Lucas;183;79;;;
341;Indigo;neutral;Female;-;Alien;Purple;DC Comics;-99;-99;;;
342;Ink;good;Male;blue;Mutant;No Hair;Marvel Comics;180;81;Ink_(comics);Alive ;No
343;Invisible Woman;good;Female;blue;Human;Blond;Marvel Comics;168;54;Invisible_Woman;Deceased;No
344;Iron Fist;good;Male;blue;Human;Blond;Marvel Comics;180;79;Iron_Fist_(character);Alive ;No
345;Iron Man;good;Male;blue;Human;Black;Marvel Comics;198;191;Iron_Man;Alive ;Yes
346;Iron Monger;bad;Male;blue;Human;No Hair;Marvel Comics;195;104;Iron_Monger;Deceased;No
347;Isis;good;Female;-;-;-;DC Comics;-99;-99;;;
348;Jack Bauer;good;Male;-;-;-;;-99;-99;;;
349;Jack of Hearts;good;Male;blue;Human;Brown;Marvel Comics;155;79;Jack_of_Hearts_(Marvel_Comics);Alive ;Yes
350;Jack-Jack;good;Male;blue;Human;Brown;Dark Horse Comics;71;14;;;
351;James Bond;good;Male;blue;Human;Blond;Titan Books;183;-99;;;
352;James T. Kirk;good;Male;hazel;Human;Brown;Star Trek;178;77;;;
353;Jar Jar Binks;good;Male;yellow;Gungan;-;George Lucas;193;-99;;;
354;Jason Bourne;good;Male;-;Human;-;;-99;-99;;;
355;Jean Grey;good;Female;green;Mutant;Red;Marvel Comics;168;52;Jean_Grey;Alive ;Yes
356;Jean-Luc Picard;good;Male;-;Human;-;Star Trek;-99;-99;;;
357;Jennifer Kale;good;Female;blue;Human;Blond;Marvel Comics;168;55;Jennifer_Kale;Alive;Yes
358;Jesse Quick;good;Female;-;Human;-;DC Comics;-99;-99;;;
359;Jessica Cruz;good;Female;green;Human;Brown;DC Comics;-99;-99;;;
360;Jessica Jones;good;Female;brown;Human;Brown;Marvel Comics;170;56;Jessica_Jones;Alive ;No
361;Jessica Sanders;good;Female;-;-;-;NBC - Heroes;-99;-99;;;
362;Jigsaw;bad;Male;blue;Human;Black;Marvel Comics;188;113;Jigsaw_(Marvel_Comics);Deceased;No
363;Jim Powell;good;Male;-;-;-;ABC Studios;-99;-99;;;
364;JJ Powell;good;Male;-;-;-;ABC Studios;-99;-99;;;
365;Johann Krauss;good;Male;-;-;-;Dark Horse Comics;-99;-99;;;
366;John Constantine;good;Male;blue;Human;Blond;DC Comics;183;-99;;;
367;John Stewart;good;Male;green;Human;Black;DC Comics;185;90;;;
368;John Wraith;good;Male;brown;Mutant;Black;Marvel Comics;183;88;Kestrel_(Marvel_Comics);Deceased;No
369;Joker;bad;Male;green;Human;Green;DC Comics;196;86;;;
371;Jubilee;good;Female;red;Mutant;Black;Marvel Comics;165;52;Jubilee_(Marvel_Comics);Alive ;No
372;Judge Dredd;good;Male;-;Human;-;Rebellion;188;-99;;;
373;Juggernaut;neutral;Male;blue;Human;Red;Marvel Comics;287;855;Juggernaut_(character);Alive ;No
375;Justice;good;Male;hazel;Human;Brown;Marvel Comics;178;81;Vance_Astrovik;Alive ;No
376;Jyn Erso;good;Female;green;Human;Brown;George Lucas;-99;-99;;;
377;K-2SO;good;Male;white;Android;No Hair;George Lucas;213;-99;;;
378;Kang;bad;Male;brown;Human;Brown;Marvel Comics;191;104;Kang_the_Conqueror;Alive;No
379;Karate Kid;good;Male;brown;Human;Brown;DC Comics;173;72;;;
380;Kathryn Janeway;good;Female;-;Human;-;Star Trek;-99;-99;;;
381;Katniss Everdeen;good;Female;-;Human;-;;-99;-99;;;
382;Kevin 11;good;Male;-;Human;Black;DC Comics;-99;-99;;;
383;Kick-Ass;good;Male;blue;Human;Blond;Icon Comics;-99;-99;;;
384;Kid Flash;good;Male;green;Human;Red;DC Comics;-99;-99;;;
385;Kid Flash II;good;Male;-;-;-;DC Comics;-99;-99;;;
386;Killer Croc;bad;Male;red;Metahuman;No Hair;DC Comics;244;356;;;
387;Killer Frost;bad;Female;blue;Human;Blond;DC Comics;-99;-99;;;
388;Kilowog;good;Male;red;Bolovaxian;No Hair;DC Comics;234;324;;;
389;King Kong;good;Male;yellow;Animal;Black;;30.5;;;;
390;King Shark;bad;Male;black;Animal;No Hair;DC Comics;-99;-99;;;
391;Kingpin;bad;Male;blue;Human;No Hair;Marvel Comics;201;203;Kingpin_(character);Alive ;No
392;Klaw;bad;Male;red;Human;No Hair;Marvel Comics;188;97;Klaw_(character);Alive ;Yes
393;Kool-Aid Man;good;Male;black;-;No Hair;;-99;-99;;;
395;Kraven the Hunter;bad;Male;brown;Human;Black;Marvel Comics;183;106;Kraven_the_Hunter;Deceased;No
396;Krypto;good;Male;blue;Kryptonian;White;DC Comics;64;18;;;
397;Kyle Rayner;good;Male;green;Human;Black;DC Comics;180;79;;;
398;Kylo Ren;bad;Male;-;Human;-;George Lucas;-99;-99;;;
399;Lady Bullseye;bad;Female;brown;Human;Black;Marvel Comics;168;53;Lady_Bullseye;Alive;No
400;Lady Deathstrike;bad;Female;brown;Cyborg;Black;Marvel Comics;175;58;Lady_Deathstrike;Alive;Yes
401;Leader;bad;Male;green;Mutant;No Hair;Marvel Comics;178;63;Leader_(character);Alive;No
402;Leech;good;Male;not visible;Mutant;No Hair;Marvel Comics;168;54;Leech_(character);Alive;No
403;Legion;good;Male;green;Mutant;Black;Marvel Comics;175;59;Legion_(Marvel_Comics);Alive;No
404;Leonardo;good;Male;blue;Mutant;No Hair;IDW Publishing;-99;-99;;;
405;Lex Luthor;bad;Male;green;Human;No Hair;DC Comics;188;95;;;
406;Light Lass;good;Female;blue;-;Red;DC Comics;165;54;;;
407;Lightning Lad;good;Male;blue;-;Red;DC Comics;155;65;;;
408;Lightning Lord;bad;Male;blue;-;Red;DC Comics;191;95;;;
409;Living Brain;bad;Agender;yellow;Robot;No Hair;Marvel Comics;198;360;Living_Brain;Alive;No
411;Liz Sherman;good;Female;-;-;-;Dark Horse Comics;-99;-99;;;
412;Lizard;bad;Male;red;Human;No Hair;Marvel Comics;203;230;Lizard_(character);Alive;No
413;Lobo;neutral;Male;red;Czarnian;Black;DC Comics;229;288;;;
414;Loki;bad;Male;green;Asgardian;Black;Marvel Comics;193;236;Loki_(Marvel_Comics);Deceased;No
415;Longshot;good;Male;blue;Human;Blond;Marvel Comics;188;36;Longshot_(Marvel_Comics);Alive;No
416;Luke Cage;good;Male;brown;Human;Black;Marvel Comics;198;191;Luke_Cage;Alive;No
417;Luke Campbell;bad;Male;-;-;-;NBC - Heroes;-99;-99;;;
418;Luke Skywalker;good;Male;blue;Human;Blond;George Lucas;168;77;;;
420;Lyja;good;Female;green;Skrull;Green;Marvel Comics;168;59;Lyja;Alive;No
422;Machine Man;good;Male;red;Robot;Black;Marvel Comics;183;383;Machine_Man;Alive;No
423;Magneto;bad;Male;grey;Mutant;White;Marvel Comics;188;86;Magneto_(Marvel_Comics);Deceased;No
424;Magog;good;Male;blue;-;Blond;DC Comics;-99;-99;;;
425;Magus;bad;Male;White;Alien;White;Marvel Comics;183;109;Magus_(Marvel_Comics);Alive;No
426;Man of Miracles;-;-;blue;God;Silver;Image Comics;-99;-99;;;
427;Man-Bat;neutral;Male;brown;Human;Brown;DC Comics;-99;-99;;;
428;Man-Thing;good;Male;red;Mutant;No Hair;Marvel Comics;213;225;Man-Thing;Alive;No
429;Man-Wolf;good;Male;brown;Mutant;Auburn;Marvel Comics;188;90;John_Jameson_(character);Alive;No
430;Mandarin;bad;Male;blue;Human;White;Marvel Comics;188;97;Mandarin_(character);Deceased;No
431;Mantis;good;Female;green;Human;Black;Marvel Comics;168;52;Mantis_(Marvel_Comics);Alive ;Yes
432;Martian Manhunter;good;Male;red;Martian;No Hair;DC Comics;201;135;;;
433;Marvel Girl;good;Female;green;Mutant;Red;Marvel Comics;170;56;Jean_Grey;Alive;Yes
434;Master Brood;good;Male;blue;-;Black;Team Epic TV;183;81;;;
435;Master Chief;good;Male;brown;Human;Brown;Microsoft;213;-99;;;
436;Match;bad;Male;black;-;Black;DC Comics;-99;-99;;;
437;Matt Parkman;good;Male;-;-;-;NBC - Heroes;-99;-99;;;
439;Maxima;bad;Female;brown;-;Red;DC Comics;180;72;;;
440;Maya Herrera;good;Female;-;-;-;NBC - Heroes;-99;-99;;;
441;Medusa;good;Female;green;Inhuman;Red;Marvel Comics;180;59;Medusa_(comics);Alive ;No
443;Mephisto;bad;Male;white;Demon;Black;Marvel Comics;198;140;Mephisto_(Marvel_Comics);Alive;No
444;Mera;good;Female;blue;Atlantean;Red;DC Comics;175;72;;;
445;Metallo;bad;Male;green;Android;Brown;DC Comics;196;90;;;
446;Metamorpho;good;Male;black;-;No Hair;DC Comics;185;90;;;
448;Metron;good;Male;blue;-;Black;DC Comics;185;86;;;
449;Micah Sanders;good;Male;brown;-;Black;NBC - Heroes;-99;-99;;;
450;Michelangelo;good;Male;blue;Mutant;-;IDW Publishing;-99;-99;;;
451;Micro Lad;good;Male;grey;-;Brown;DC Comics;183;77;;;
452;Mimic;good;Male;brown;Mutant;Brown;Marvel Comics;188;101;Mimic_(comics);Alive;No
453;Minna Murray;good;Female;-;-;-;Wildstorm;-99;-99;;;
454;Misfit;good;Female;blue;-;Red;DC Comics;-99;-99;;;
455;Miss Martian;good;Female;red;-;Red;DC Comics;178;61;;;
457;Mister Freeze;bad;Male;-;Human;-;DC Comics;183;86;;;
459;Mister Mxyzptlk;bad;Male;-;God;-;DC Comics;-99;-99;;;
460;Mister Sinister;bad;Male;red;Human;Black;Marvel Comics;196;128;Mister_Sinister;Alive ;Yes
461;Mister Zsasz;bad;Male;blue;Human;Blond;DC Comics;-99;-99;;;
462;Mockingbird;good;Female;blue;Human;Blond;Marvel Comics;175;61;Mockingbird_(Marvel_Comics);Alive ;No
463;MODOK;bad;Male;white;Cyborg;Brownn;Marvel Comics;366;338;MODOK;Alive ;No
464;Mogo;good;Male;-;Planet;-;DC Comics;-99;-99;;;
465;Mohinder Suresh;good;Male;-;-;-;NBC - Heroes;-99;-99;;;
466;Moloch;bad;Male;-;-;-;DC Comics;-99;-99;;;
467;Molten Man;bad;Male;gold;Mutant;Gold;Marvel Comics;196;248;Molten_Man;Alive;No
468;Monarch;good;Male;blue;-;White;DC Comics;193;90;;;
469;Monica Dawson;good;Female;-;-;-;NBC - Heroes;-99;-99;;;
470;Moon Knight;good;Male;brown;Human;Brown;Marvel Comics;188;101;Moon_Knight;Alive ;No
472;Morlun;bad;Male;white;Vampire;Black;Marvel Comics;188;79;Morlun;Alive;Yes
473;Morph;good;Male;white;Mutant;No Hair;Marvel Comics;178;79;Kevin_Sydney;Deceased;No
475;Mr Immortal;good;Male;blue;Mutant;Blond;Marvel Comics;188;70;Mr._Immortal;Alive ;Yes
476;Mr Incredible;good;Male;blue;Human;Blond;Dark Horse Comics;201;158;;;
477;Ms Marvel;good;Female;blue;Human ;Red;Marvel Comics;173;61;Sharon_Ventura;Deceased;No
478;Multiple Man;good;Male;blue;Mutant;Brown;Marvel Comics;180;70;Jamie_Madrox;Alive;Yes
479;Mysterio;bad;Male;brown;Human;No Hair;Marvel Comics;180;79;Mysterio;Alive ;Yes
480;Mystique;bad;Female;yellow;Mutant;Red;Marvel Comics;178;54;Mystique_(character);Alive ;Yes
482;Namor;good;Male;grey;Atlantean;Black;Marvel Comics;188;125;Namor;Alive ;No
483;Namora;good;Female;blue;Mutant;Blond;Marvel Comics;180;85;Namora;Alive;No
484;Namorita;good;Female;blue;Mutant;Blond;Marvel Comics;168;101;Namorita;Deceased;No
485;Naruto Uzumaki;good;Male;-;Human;-;Shueisha;168;54;;;
486;Nathan Petrelli;good;Male;brown;-;-;NBC - Heroes;-99;-99;;;
487;Nebula;bad;Female;blue;Luphomoid;No Hair;Marvel Comics;185;83;Nebula_(character);Alive ;No
489;Nick Fury;good;Male;brown;Human;Brown;Marvel Comics;185;99;Nick_Fury_(Ultimate_Marvel_character);Alive ;No
490;Nightcrawler;good;Male;yellow;Mutant;Indigo;Marvel Comics;175;88;Nightcrawler_(character);Alive;Yes
491;Nightwing;good;Male;blue;Human;Black;DC Comics;178;79;;;
492;Niki Sanders;good;Female;blue;-;Blond;NBC - Heroes;-99;-99;;;
493;Nina Theroux;good;Female;-;Alpha;-;SyFy;-99;-99;;;
494;Nite Owl II;good;Male;-;-;-;DC Comics;-99;-99;;;
495;Northstar;good;Male;blue;Mutant;Black;Marvel Comics;180;83;Northstar_(character);Alive;Yes
496;Nova;good;Male;blue;Human;Black;Marvel Comics;168;63;Nova_(Sam_Alexander);Alive ;No
497;Nova;good;Male;brown;Human ;Brown;Marvel Comics;186;85;Nova_(Richard_Rider);Alive ;No
498;Odin;good;Male;blue;Deity;White;Marvel Comics;206;293;Odin_(Marvel_Comics);Deceased;No
499;Offspring;good;Male;-;-;-;DC Comics;-99;-99;;;
500;Omega Red;bad;Male;red;Mutant;Blond;Marvel Comics;211;191;Omega_Red;Alive;Yes
501;Omniscient;good;Male;brown;-;Black;Team Epic TV;180;65;;;
502;One Punch Man;good;Male;-;Human;No Hair;Shueisha;175;69;;;
504;Onslaught;bad;Male;red;Mutant;No Hair;Marvel Comics;305;405;Onslaught_(Marvel_Comics);Deceased;No
505;Oracle;good;Female;blue;Human;Red;DC Comics;178;59;;;
506;Osiris;good;Male;brown;-;Brown;DC Comics;-99;-99;;;
507;Overtkill;bad;Male;-;-;-;Image Comics;-99;-99;;;
508;Ozymandias;bad;Male;blue;Human;Blond;DC Comics;-99;-99;;;
509;Parademon;bad;-;-;Parademon;-;DC Comics;-99;-99;;;
510;Paul Blart;good;Male;-;Human;-;Sony Pictures;170;117;;;
514;Penguin;bad;Male;blue;Human;Black;DC Comics;157;79;;;
515;Peter Petrelli;good;Male;-;-;-;NBC - Heroes;-99;-99;;;
516;Phantom;good;Male;-;-;-;DC Comics;-99;-99;;;
517;Phantom Girl;good;Female;blue;-;Black;DC Comics;168;54;;;
519;Plantman;bad;Male;green;Mutant;Grey;Marvel Comics;183;87;Plantman;Alive ;No
520;Plastic Lad;good;Male;-;-;-;DC Comics;-99;-99;;;
521;Plastic Man;good;Male;blue;Human;Black;DC Comics;185;80;;;
522;Plastique;bad;Female;blue;-;Red;DC Comics;168;55;;;
523;Poison Ivy;bad;Female;green;Human;Red;DC Comics;168;50;;;
524;Polaris;good;Female;green;Mutant;Green;Marvel Comics;170;52;Polaris_(Marvel_Comics);Alive ;No
525;Power Girl;good;Female;blue;Kryptonian;blond;DC Comics;180;81;;;
526;Power Man;good;Male;brown;Mutant;Black;Marvel Comics;175;72;Power_Man_(Victor_Alvarez);Alive ;No
527;Predator;bad;Male;-;Yautja;-;Dark Horse Comics;213;234;;;
528;Professor X;good;Male;blue;Mutant;No Hair;Marvel Comics;183;86;Professor_X;Alice;Yes
529;Professor Zoom;bad;Male;blue;Human;Strawberry Blond;DC Comics;180;81;;;
531;Psylocke;good;Female;blue;Mutant;Purple;Marvel Comics;180;70;Psylocke;Alive;Yes
532;Punisher;good;Male;blue;Human;Black;Marvel Comics;183;90;Punisher;Alive;Yes
533;Purple Man;bad;Male;purple;Human;Purple;Marvel Comics;180;74;Purple_Man;Alive;No
534;Pyro;bad;Male;blue;Mutant;Blond;Marvel Comics;178;68;Pyro_(Marvel_Comics);Alive;No
535;Q;-;Male;-;God;-;Star Trek;-99;-99;;;
536;Quantum;good;Male;-;-;-;HarperCollins;-99;-99;;;
537;Question;good;Male;blue;Human;Blond;DC Comics;188;83;;;
538;Quicksilver;good;Male;blue;Mutant;Silver;Marvel Comics;183;79;Quicksilver_(Marvel_Comics);Alive;Yes
539;Quill;good;Male;brown;Human;Brown;Marvel Comics;163;56;Peter_Quill_(Marvel_Cinematic_Universe);Alive;No
540;Ra's Al Ghul;bad;Male;green;Human;Grey;DC Comics;193;97;;;
541;Rachel Pirzad;good;Female;-;Alpha;-;SyFy;-99;-99;;;
542;Rambo;good;Male;brown;Human;Black;;178;83;;;
543;Raphael;good;Male;-;Mutant;No Hair;IDW Publishing;-99;-99;;;
544;Raven;neutral;Female;indigo;Human;Black;DC Comics;165;50;;;
545;Ray;good;Male;green;Human;Red;DC Comics;178;70;;;
546;Razor-Fist;bad;Male;blue;Human;No Hair;Marvel Comics;191;117;Razor_Fist;Deceased;No
547;Red Arrow;good;Male;green;Human;Red;DC Comics;180;83;;;
548;Red Hood;neutral;Male;blue;Human;Black;DC Comics;183;81;;;
550;Red Mist;bad;Male;-;-;-;Icon Comics;-99;-99;;;
551;Red Robin;good;Male;blue;Human;Black;DC Comics;165;56;;;
553;Red Tornado;good;Male;green;Android;No Hair;DC Comics;185;146;;;
554;Redeemer II;bad;Male;-;-;-;Image Comics;-99;-99;;;
555;Redeemer III;bad;Male;-;-;-;Image Comics;-99;-99;;;
556;Renata Soliz;good;Female;-;-;-;HarperCollins;-99;-99;;;
557;Rey;good;Female;hazel;Human;Brown;George Lucas;297;-99;;;
558;Rhino;bad;Male;brown;Human;Brown;Marvel Comics;196;320;Rhino_(character);Alive;No
559;Rick Flag;bad;Male;blue;-;Brown;DC Comics;185;85;;;
560;Riddler;bad;Male;-;-;-;DC Comics;-99;-99;;;
561;Rip Hunter;good;Male;blue;Human;Blond;DC Comics;-99;-99;;;
563;Robin;good;Male;blue;Human;Black;DC Comics;178;79;;;
564;Robin II;good;Male;blue;Human;Red;DC Comics;183;101;;;
565;Robin III;good;Male;blue;Human;Black;DC Comics;165;56;;;
566;Robin V;good;Male;blue;Human;Black;DC Comics;137;38;;;
567;Robin VI;neutral;Female;green;Human;Red;DC Comics;-99;-99;;;
568;Rocket Raccoon;good;Male;brown;Animal;Brown;Marvel Comics;122;25;Rocket_Raccoon;Alive;No
569;Rogue;good;Female;green;Mutant;Brown;Marvel Comics;173;54;Rogue_(Marvel_Comics);Alive;No
571;Rorschach;good;Male;blue;Human;Red;DC Comics;168;63;;;
572;Sabretooth;bad;Male;amber;Mutant;Blond;Marvel Comics;198;171;Sabretooth_(character);Alive;Yes
573;Sage;good;Female;blue;Mutant;Black;Marvel Comics;170;61;Sage_(Marvel_Comics);Alive;No
574;Sandman;neutral;Male;brown;Human;Brown;Marvel Comics;185;203;Sandman_(Marvel_Comics);Alive;No
575;Sasquatch;good;Male;red;Mutant;Orange;Marvel Comics;305;900;Sasquatch_(comics);Alive;Yes
576;Sauron;bad;Male;-;Maiar;-;J. R. R. Tolkien;279;-99;;;
577;Savage Dragon;good;Male;-;-;-;Image Comics;-99;-99;;;
578;Scarecrow;bad;Male;blue;Human;Brown;DC Comics;183;63;;;
579;Scarlet Spider;good;Male;blue;Human;Blond;Marvel Comics;178;74;Ben_Reilly;Alive;Yes
581;Scarlet Witch;bad;Female;blue;Mutant;Brown;Marvel Comics;170;59;Scarlet_Witch;Alive;No
582;Scorpia;bad;Female;green;Human;Red;Marvel Comics;178;63;Scorpion_(comics);Alive;No
583;Scorpion;bad;Male;brown;Human;Brown;Marvel Comics;211;310;Scorpion_(comics);Alive;No
584;Sebastian Shaw;bad;Male;blue;Mutant;Black;Marvel Comics;188;95;Sebastian_Shaw_(character);Alive;Yes
585;Sentry;neutral;Male;blue;Mutant;Blond;Marvel Comics;188;87;Sentry_(Robert_Reynolds);Alive;Yes
587;Shadow Lass;good;Female;black;Talokite;Black;DC Comics;173;54;;;
588;Shadowcat;good;Female;hazel;Mutant;Brown;Marvel Comics;168;50;Kitty_Pryde;Alive;Yes
589;Shang-Chi;good;Male;brown;Human;Black;Marvel Comics;178;79;Shang-Chi;Alive;No
590;Shatterstar;good;Male;brown;Mutant;Red;Marvel Comics;191;88;Shatterstar;Alive;No
591;She-Hulk;good;Female;green;Human;Green;Marvel Comics;201;315;She-Hulk;Alive;Yes
593;Shocker;bad;Male;brown;Human;Brown;Marvel Comics;175;79;Shocker_(character);Alive;No
594;Shriek;good;Female;yellow;Mutant;Black;Marvel Comics;173;52;Shriek_(character);Deceased;No
595;Shrinking Violet;good;Female;-;-;-;DC Comics;-99;-99;;;
596;Sif;good;Female;blue;Asgardian;Black;Marvel Comics;188;191;Sif_(character);Alive;No
597;Silk;good;Female;brown;Human;Black;Marvel Comics;170;59;Silk_(comics);Alive;No
598;Silk Spectre;good;Female;-;-;-;DC Comics;-99;-99;;;
599;Silk Spectre II;good;Female;-;-;-;DC Comics;-99;-99;;;
600;Silver Surfer;good;Male;white;Alien;No Hair;Marvel Comics;193;101;Silver_Surfer;Alive;No
601;Silverclaw;good;Female;brown;Deity;Black;Marvel Comics;157;50;Silverclaw;Alive;No
602;Simon Baz;good;Male;bown;Human;Black;DC Comics;-99;-99;;;
603;Sinestro;neutral;Male;black;Korugaran;Black;DC Comics;201;92;;;
604;Siren;bad;Female;blue;Atlantean;Purple;DC Comics;175;72;;;
605;Siren II;bad;Female;black;-;-;DC Comics;-99;-99;;;
606;Siryn;bad;Female;blue;Mutant;Strawberry Blond;Marvel Comics;168;52;Siryn;Alive;Yes
607;Skaar;good;Male;green;Sakaaran Shadow People;Black;Marvel Comics;198;180;Skaar_(character);Alive;No
609;Snowbird;good;Female;white;Deity;Blond;Marvel Comics;178;49;Snowbird_(character);Alive;No
610;Sobek;good;Male;white;-;No Hair;DC Comics;-99;-99;;;
611;Solomon Grundy;bad;Male;black;Zombie;White;DC Comics;279;437;;;
612;Songbird;good;Female;green;Mutant;Red;Marvel Comics;165;65;Songbird_(character);Alive;No
613;Space Ghost;good;Male;-;Human;-;DC Comics;188;113;;;
614;Spawn;good;Male;brown;Demon;Black;Image Comics;211;405;;;
615;Spectre;good;Male;white;God;No Hair;DC Comics;-99;-99;;;
616;Speedball;good;Male;blue;Mutant;Blond;Marvel Comics;178;77;Robbie_Baldwin;Alive;No
617;Speedy;good;Male;-;Human;-;DC Comics;-99;-99;;;
618;Speedy;good;Female;green;Human;Brown;DC Comics;-99;-99;;;
620;Spider-Girl;good;Female;blue;Human;Brown;Marvel Comics;170;54;Spider-Girl_(Mayday_Parker);Alive;No
622;Spider-Man;good;Male;hazel;Human;Brown;Marvel Comics;178;74;Peter_Parker_(Marvel_Cinematic_Universe);Alive;Yes
625;Spider-Woman;good;Female;green;Human;Black;Marvel Comics;178;59;Spider-Woman_(Jessica_Drew);Alive;Yes
629;Spock;good;Male;brown;Human;Black;Star Trek;185;81;;;
630;Spyke;good;Male;brown;Mutant;Blond;Marvel Comics;183;83;Spyke;Deceased;No
631;Stacy X;good;Female;green;Mutant;Black;Marvel Comics;180;72;Stacy_X;Alive;No
632;Star-Lord;good;Male;blue;Human;Blond;Marvel Comics;188;79;Star-Lord;Alive;Yes
634;Starfire;good;Female;green;Tamaranean;Auburn;DC Comics;193;71;;;
635;Stargirl;good;Female;blue;Human;Blond;DC Comics;165;62;;;
636;Static;good;Male;brown;Mutant;Black;DC Comics;170;63;;;
637;Steel;good;Male;brown;-;No Hair;DC Comics;201;131;;;
638;Stephanie Powell;good;Female;-;-;Blond;ABC Studios;-99;-99;;;
639;Steppenwolf;bad;Male;red;New God;Black;DC Comics;183;91;;;
640;Storm;good;Female;blue;Mutant;White;Marvel Comics;180;57;Storm_(Marvel_Comics);Alive;No
641;Stormtrooper;bad;Male;-;Human;-;George Lucas;183;-99;;;
642;Sunspot;good;Male;brown;Mutant;black;Marvel Comics;173;77;Sunspot_(Marvel_Comics);Alive;Yes
643;Superboy;good;Male;blue;-;Black;DC Comics;170;68;;;
644;Superboy-Prime;bad;Male;blue;Kryptonian;Black / Blue;DC Comics;180;77;;;
645;Supergirl;good;Female;blue;Kryptonian;Blond;DC Comics;165;54;;;
646;Superman;good;Male;blue;Kryptonian;Black;DC Comics;191;101;;;
647;Swamp Thing;bad;Male;red;God;No Hair;DC Comics;-99;-99;;;
648;Swarm;bad;Male;yellow;Mutant;No Hair;Marvel Comics;196;47;Swarm_(Marvel_Comics);Alive;No
649;Sylar;bad;Male;-;-;-;NBC - Heroes;-99;-99;;;
650;Synch;good;Male;brown;Mutant;Black;Marvel Comics;180;74;Synch_(comics);Alive;Yes
651;T-1000;bad;Male;-;Android;-;Dark Horse Comics;183;146;;;
652;T-800;bad;Male;red;Cyborg;-;Dark Horse Comics;-99;176;;;
653;T-850;bad;Male;red;Cyborg;-;Dark Horse Comics;-99;198;;;
654;T-X;bad;Female;-;Cyborg;-;Dark Horse Comics;-99;149;;;
655;Taskmaster;bad;Male;brown;Human;Brown;Marvel Comics;188;99;Taskmaster_(character);Alive;No
656;Tempest;good;Female;brown;Deity;Black;Marvel Comics;163;54;Garth_(comics);Deceased;No
657;Thanos;bad;Male;red;Eternal;No Hair;Marvel Comics;201;443;Thanos_(Marvel_Cinematic_Universe);Deceased;No
658;The Cape;good;Male;-;-;-;;-99;-99;;;
659;The Comedian;neutral;Male;brown;Human;Black;DC Comics;188;101;;;
661;Thor;good;Male;blue;Asgardian;Blond;Marvel Comics;198;288;Thor_(Marvel_Comics);Alive;Yes
662;Thor Girl;good;Female;blue;Asgardian;Blond;Marvel Comics;175;143;Thor_Girl;Alive;No
663;Thunderbird;good;Male;brown;Mutant;Black;Marvel Comics;185;101;Thunderbird_(Neal_Shaara);Alive;Yes
667;Thundra;good;Female;green;Mutant;Red;Marvel Comics;218;158;Thundra;Alive;No
668;Tiger Shark;bad;Male;grey;Human;No Hair;Marvel Comics;185;203;Tiger_Shark_(Marvel_Comics);Alive;No
669;Tigra;good;Female;green;Mutant;Auburn;Marvel Comics;178;81;Tigra;Alive;No
670;Tinkerer;bad;Male;brown;Human;White;Marvel Comics;163;54;Tinkerer_(Marvel_Comics);Alive;No
671;Titan;good;Male;-;-;-;HarperCollins;-99;-99;;;
672;Toad;neutral;Male;black;Mutant;Brown;Marvel Comics;175;76;Toad_(Marvel_Comics);Alive;No
673;Toxin;good;Male;blue;Symbiote;Brown;Marvel Comics;188;98;Toxin_(character);Alive;No
675;Tracy Strauss;good;Female;-;-;-;NBC - Heroes;-99;-99;;;
676;Trickster;-;Male;blue;Human;Blond;DC Comics;183;81;;;
677;Trigon;bad;Male;yellow;God;Black;DC Comics;-99;-99;;;
678;Triplicate Girl;good;Female;purple;-;Brown;DC Comics;168;59;;;
679;Triton;good;Male;green;Inhuman;No Hair;Marvel Comics;188;86;Triton_(comics);Deceased;No
680;Two-Face;bad;Male;-;-;-;DC Comics;183;82;;;
681;Ultragirl;good;Female;blue;Human;Blond;Marvel Comics;168;105;List_of_Marvel_Comics_characters:_U;Alive;No
682;Ultron;bad;Male;red;Robot;No Hair;Marvel Comics;206;331;Ultron;Deceased;No
684;Vagabond;good;Female;blue;Human;Strawberry Blond;Marvel Comics;168;54;List_of_Marvel_Comics_characters:_V;Alive;No
685;Valerie Hart;good;Female;hazel;-;Black;Team Epic TV;175;56;;;
686;Valkyrie;good;Female;blue;Asgardian;Blond;Marvel Comics;191;214;Valkyrie_(Marvel_Comics);Alive;No
687;Vanisher;bad;Male;green;Mutant;No Hair;Marvel Comics;165;79;Vanisher;Alive;No
688;Vegeta;bad;Male;-;Saiyan;Black;Shueisha;168;73;;;
689;Venom;bad;Male;blue;Symbiote;Strawberry Blond;Marvel Comics;191;117;Venom_(character);Alive;No
693;Vertigo;good;Female;blue;Mutant;Silver;Marvel Comics;168;52;Vertigo_(Marvel_Comics);Alive;Yes
694;Vibe;good;Male;brown;Human;Black;DC Comics;178;71;;;
696;Vindicator;good;Female;green;Human;Red;Marvel Comics;165;54;Vindicator_(comics);Alive;Yes
697;Violator;bad;Male;-;-;-;Image Comics;-99;-99;;;
698;Violet Parr;good;Female;violet;Human;Black;Dark Horse Comics;137;41;;;
699;Vision;good;Male;gold;Robot;No Hair;Marvel Comics;191;135;Vision_(Marvel_Comics);Alive;Yes
701;Vixen;good;Female;amber;Human;Black;DC Comics;175;63;;;
702;Vulcan;good;Male;blue;Mutant;Brown;Marvel Comics;183;80;Vulcan_(comics);Alive;No
703;Vulture;bad;Male;brown;Human;No Hair;Marvel Comics;180;79;Vulture_(Marvel_Comics);Alive;No
704;Walrus;bad;Male;blue;Human;Black;Marvel Comics;183;162;Walrus_(Marvel_Comics);Alive;No
705;War Machine;good;Male;brown;Human;Brown;Marvel Comics;185;95;War_Machine;Alive;Yes
707;Warlock;good;Male;red;Alien;Blond;Marvel Comics;188;108;Warlock_(New_Mutants);Alive;No
708;Warp;bad;Male;brown;-;Black;DC Comics;173;67;;;
709;Warpath;good;Male;brown;Mutant;Black;Marvel Comics;218;158;Warpath_(comics);Alive;No
710;Wasp;good;Female;blue;Human;Auburn;Marvel Comics;163;50;Wasp_(character);Alive;No
713;White Canary;bad;Female;brown;Human;Black;DC Comics;-99;-99;;;
714;White Queen;good;Female;blue;Mutant;Blond;Marvel Comics;178;65;White_Queen_(comics);Alive;Yes
715;Wildfire;good;Male;-;-;-;DC Comics;-99;-99;;;
718;Wolfsbane;good;Female;green;Mutant;Auburn;Marvel Comics;366;473;Wolfsbane_(character);Alive;Yes
719;Wolverine;good;Male;blue;Mutant;Black;Marvel Comics;160;135;Wolverine_(character);Alive;Yes
720;Wonder Girl;good;Female;blue;Demigod;Blond;DC Comics;165;51;;;
721;Wonder Man;good;Male;red;Mutant;Black;Marvel Comics;188;171;Wonder_Man;Alive;No
722;Wonder Woman;good;Female;blue;Amazon;Black;DC Comics;183;74;;;
724;Wyatt Wingfoot;good;Male;brown;Human;Black;Marvel Comics;196;117;Wyatt_Wingfoot;Alive;No
725;X-23;good;Female;green;Mutant;Black;Marvel Comics;155;50;X-23;Alive;No
726;X-Man;good;Male;blue;Mutant;Brown;Marvel Comics;175;61;Nate_Grey;Alive;No
727;Yellow Claw;bad;Male;blue;Human;No Hair;Marvel Comics;188;95;Yellow_Claw_(character);Deceased;No
728;Yellowjacket;good;Male;blue;Human;Blond;Marvel Comics;183;83;Yellowjacket_(comics);Alive;No
731;Yoda;good;Male;brown;Yoda's species;White;George Lucas;66;17;;;
732;Zatanna;good;Female;blue;Human;Black;DC Comics;170;57;;;
733;Zoom;bad;Male;red;-;Brown;DC Comics;185;81;;;